IP Address, Port, Code, Country, Anonymity, Google, Https, Last Checked
79.154.96.55, 8080, ES, Spain, elite proxy, no, yes, 7 seconds ago
88.198.33.232, 1080, DE, Germany, elite proxy, no, yes, 7 seconds ago
72.35.40.34, 8080, US, United States, elite proxy, no, yes, 7 seconds ago
80.59.199.212, 8080, ES, Spain, elite proxy, no, yes, 7 seconds ago
177.126.88.62, 53281, BR, Brazil, elite proxy, no, yes, 7 seconds ago
119.15.82.222, 37790, KH, Cambodia, elite proxy, no, yes, 7 seconds ago
200.52.141.162, 53281, MX, Mexico, elite proxy, no, yes, 7 seconds ago
168.181.87.70, 8080, BR, Brazil, transparent, no, no, 7 seconds ago
159.192.96.185, 8080, TH, Thailand, transparent, no, no, 7 seconds ago
177.92.20.182, 38610, BR, Brazil, elite proxy, no, yes, 2 minutes ago
46.235.53.26, 3128, RU, Russian Federation, anonymous, no, yes, 2 minutes ago
137.59.161.162, 32372, ID, Indonesia, elite proxy, no, yes, 2 minutes ago
129.205.138.186, 57326, ZA, South Africa, elite proxy, no, yes, 2 minutes ago
185.59.245.199, 41258, RU, Russian Federation, elite proxy, no, yes, 2 minutes ago
1.0.176.127, 8080, TH, Thailand, elite proxy, no, yes, 2 minutes ago
125.26.99.212, 51591, TH, Thailand, elite proxy, no, yes, 2 minutes ago
124.41.211.196, 36084, NP, Nepal, elite proxy, no, yes, 2 minutes ago
119.93.152.192, 49889, PH, Philippines, elite proxy, no, yes, 2 minutes ago
87.245.175.70, 8080, RU, Russian Federation, elite proxy, no, yes, 2 minutes ago
103.194.248.166, 38802, IN, India, elite proxy, no, yes, 2 minutes ago
117.197.40.158, 34017, IN, India, elite proxy, no, yes, 2 minutes ago
41.60.232.223, 37615, KE, Kenya, elite proxy, no, yes, 2 minutes ago
185.122.104.171, 53281, PL, Poland, elite proxy, no, yes, 2 minutes ago
5.63.165.178, 40561, AM, Armenia, elite proxy, no, yes, 2 minutes ago
85.175.216.32, 53281, RU, Russian Federation, elite proxy, no, yes, 2 minutes ago
94.130.125.221, 1080, DE, Germany, elite proxy, no, yes, 2 minutes ago
185.21.217.20, 3128, AU, Australia, elite proxy, no, yes, 2 minutes ago
190.107.20.206, 34626, CO, Colombia, elite proxy, no, yes, 2 minutes ago
118.175.207.183, 42517, TH, Thailand, elite proxy, no, yes, 2 minutes ago
118.174.233.41, 41469, TH, Thailand, elite proxy, no, yes, 2 minutes ago
125.209.116.234, 39301, PK, Pakistan, elite proxy, no, yes, 2 minutes ago
77.93.42.134, 47803, UA, Ukraine, elite proxy, no, yes, 2 minutes ago
181.196.145.106, 52241, EC, Ecuador, elite proxy, no, yes, 2 minutes ago
177.67.203.130, 32474, BR, Brazil, elite proxy, no, yes, 2 minutes ago
117.196.236.201, 55238, IN, India, elite proxy, no, yes, 2 minutes ago
119.82.249.4, 58774, KH, Cambodia, elite proxy, no, yes, 2 minutes ago
139.255.96.133, 53281, ID, Indonesia, elite proxy, no, yes, 2 minutes ago
118.174.232.44, 38093, TH, Thailand, elite proxy, no, yes, 2 minutes ago
91.234.127.222, 53281, PL, Poland, elite proxy, no, yes, 2 minutes ago
181.10.210.99, 44252, AR, Argentina, elite proxy, no, yes, 2 minutes ago
36.37.160.224, 23500, KH, Cambodia, elite proxy, no, yes, 2 minutes ago
46.102.73.244, 53281, RO, Romania, elite proxy, no, yes, 2 minutes ago
1.10.187.149, 44976, TH, Thailand, elite proxy, no, yes, 2 minutes ago
93.179.209.210, 57520, PL, Poland, elite proxy, no, yes, 2 minutes ago
103.15.167.34, 41787, BD, Bangladesh, elite proxy, no, yes, 2 minutes ago
117.58.245.114, 34208, BD, Bangladesh, elite proxy, no, yes, 2 minutes ago
36.89.190.211, 44277, ID, Indonesia, elite proxy, no, yes, 2 minutes ago
106.0.62.26, 45847, BD, Bangladesh, elite proxy, no, no, 2 minutes ago
91.203.176.204, 8080, RU, Russian Federation, elite proxy, no, yes, 2 minutes ago
5.8.203.76, 48026, RU, Russian Federation, elite proxy, no, yes, 2 minutes ago
183.82.32.153, 55236, IN, India, elite proxy, no, no, 2 minutes ago
111.118.128.140, 41344, KH, Cambodia, elite proxy, no, yes, 2 minutes ago
74.209.191.66, 8090, US, United States, anonymous, no, no, 2 minutes ago
200.199.114.226, 33932, BR, Brazil, elite proxy, no, no, 2 minutes ago
110.136.105.189, 53281, ID, Indonesia, elite proxy, no, yes, 2 minutes ago
163.53.198.54, 42787, KH, Cambodia, elite proxy, no, yes, 2 minutes ago
103.65.194.2, 35782, IN, India, elite proxy, no, no, 2 minutes ago
94.240.32.194, 56341, PL, Poland, elite proxy, no, no, 2 minutes ago
123.231.254.82, 8080, ID, Indonesia, elite proxy, no, yes, 2 minutes ago
194.213.43.166, 38170, CZ, Czech Republic, elite proxy, no, no, 2 minutes ago
188.163.170.130, 41209, UA, Ukraine, elite proxy, no, no, 2 minutes ago
157.119.118.122, 45653, IN, India, elite proxy, no, no, 2 minutes ago
46.151.145.4, 53281, UA, Ukraine, elite proxy, no, yes, 2 minutes ago
103.239.254.70, 61967, BD, Bangladesh, elite proxy, no, no, 2 minutes ago
190.147.137.66, 59947, CO, Colombia, elite proxy, no, no, 2 minutes ago
75.151.213.85, 8080, US, United States, elite proxy, no, yes, 2 minutes ago
139.5.237.163, 35411, IN, India, elite proxy, no, no, 2 minutes ago
46.165.49.41, 52967, RU, Russian Federation, elite proxy, no, no, 2 minutes ago
103.251.57.23, 60083, IN, India, elite proxy, no, no, 2 minutes ago
41.60.237.4, 58910, KE, Kenya, elite proxy, no, yes, 2 minutes ago
187.45.106.176, 8080, BR, Brazil, elite proxy, no, no, 2 minutes ago
187.141.164.242, 31120, MX, Mexico, elite proxy, no, yes, 2 minutes ago
113.160.206.37, 37194, VN, Vietnam, elite proxy, no, yes, 3 minutes ago
197.254.108.134, 38857, KE, Kenya, elite proxy, no, yes, 3 minutes ago
190.152.5.126, 53040, EC, Ecuador, elite proxy, no, yes, 3 minutes ago
103.57.71.137, 51774, IN, India, elite proxy, no, yes, 3 minutes ago
185.36.157.30, 8080, RU, Russian Federation, transparent, no, no, 3 minutes ago
92.119.60.230, 8080, IQ, Iraq, transparent, no, no, 3 minutes ago
202.3.72.17, 56242, IN, India, elite proxy, no, yes, 3 minutes ago
196.223.139.47, 8080, ZA, South Africa, transparent, no, no, 3 minutes ago
